<ImportExportXml xmlns:xsi="http://www.w3.org/2001/XMLSchema-instance">
  <Entities></Entities>
  <Roles></Roles>
  <Workflows></Workflows>
  <FieldSecurityProfiles></FieldSecurityProfiles>
  <Templates />
  <EntityMaps />
  <EntityRelationships />
  <OrganizationSettings />
  <optionsets />
  <CustomControls />
  <EntityDataProviders />
  <CanvasApps>
    <CanvasApp>
      <Name>new_komputery_64bb7</Name>
      <AppVersion>2022-05-20T21:19:39Z</AppVersion>
      <Status>Ready</Status>
      <CreatedByClientVersion>3.22052.23.0</CreatedByClientVersion>
      <MinClientVersion>3.22052.23.0</MinClientVersion>
      <Tags>{"primaryDeviceWidth":"640","primaryDeviceHeight":"1136","sienaVersion":"20220520T211423Z-3.22052.23.0","deviceCapabilities":"","supportsPortrait":"true","supportsLandscape":"true","primaryFormFactor":"Phone","publisherVersion":"3.22052.23","minimumRequiredApiVersion":"2.2.0","hasComponent":"false","hasUnlockedComponent":"false","isUnifiedRootApp":"false"}</Tags>
      <IsCdsUpgraded>0</IsCdsUpgraded>
      <GalleryItemId xsi:nil="true"></GalleryItemId>
      <BackgroundColor>RGBA(0,176,240,1)</BackgroundColor>
      <DisplayName>Inwentaryzacja</DisplayName>
      <Description>Inwentaryzacja komputerów</Description>
      <CommitMessage xsi:nil="true"></CommitMessage>
      <Publisher xsi:nil="true"></Publisher>
      <AuthorizationReferences>[]</AuthorizationReferences>
      <ConnectionReferences>{"9b16b741-7415-4940-9991-8cf498b18f16":{"id":"/providers/microsoft.powerapps/apis/shared_excel","displayName":"Excel","iconUri":"https://connectoricons-prod.azureedge.net/releases/v1.0.1570/1.0.1570.2764/excel/icon.png","dataSources":["data"],"dependencies":["507aa392-2c5f-4e33-be2d-b90c4e243c1c"],"dependents":[],"parameterHints":{"507aa392-2c5f-4e33-be2d-b90c4e243c1c":{"value":"fileSource"}},"parameterHintsV2":{"fileSource":{"value":"507aa392-2c5f-4e33-be2d-b90c4e243c1c"}},"isOnPremiseConnection":false,"bypassConsent":false,"dataSets":{"b!avVPSrCFqUeISrGZGTDpNW-_6lBu9FREs1kPAHhDBjba8Gwfl_jTR6IKppIL8h-6.01BIP2A7PCVXSG6EUEZVHIYYRP4DJ4FN5Y":{"dataSources":{"data":{"tableName":"data"}}}},"apiTier":"Standard","actions":["providers/PowerPlatform.Governance/Operations/Read","providers/PowerPlatform.Governance/Operations/Write","providers/PowerPlatform.Governance/Operations/Delete"]},"507aa392-2c5f-4e33-be2d-b90c4e243c1c":{"id":"/providers/microsoft.powerapps/apis/shared_onedriveforbusiness","displayName":"OneDrive for Business","iconUri":"https://connectoricons-prod.azureedge.net/releases/v1.0.1546/1.0.1546.2665/onedriveforbusiness/icon.png","dataSources":[],"dependencies":[],"dependents":["9b16b741-7415-4940-9991-8cf498b18f16"],"parameterHints":{},"parameterHintsV2":{},"isOnPremiseConnection":false,"bypassConsent":false,"dataSets":{},"apiTier":"Standard"}}</ConnectionReferences>
      <DatabaseReferences>{}</DatabaseReferences>
      <AppComponents>[]</AppComponents>
      <AppComponentDependencies>[]</AppComponentDependencies>
      <CanvasAppType>0</CanvasAppType>
      <BypassConsent>0</BypassConsent>
      <AdminControlBypassConsent>0</AdminControlBypassConsent>
      <EmbeddedApp xsi:nil="true"></EmbeddedApp>
      <IntroducedVersion>1.0</IntroducedVersion>
      <CdsDependencies>{"cdsdependencies":[]}</CdsDependencies>
      <IsCustomizable>1</IsCustomizable>
      <BackgroundImageUri>/CanvasApps/new_komputery_64bb7_BackgroundImageUri</BackgroundImageUri>
      <DocumentUri>/CanvasApps/new_komputery_64bb7_DocumentUri.msapp</DocumentUri>
    </CanvasApp>
  </CanvasApps>
  <Languages>
    <Language>1033</Language>
  </Languages>
</ImportExportXml>